date,Bawang Merah,Bawang Putih Honan,Beras Medium,Beras Premium,Cabai Merah Besar,Cabai Merah Keriting,Cabai Rawit Merah,Daging Ayam Ras,Daging Sapi Paha Belakang,Gula Pasir Curah,Kedelai Impor,Minyak Goreng Sawit Curah,Minyak Goreng Sawit Kemasan Premium,Minyakita,Telur Ayam Ras,Tepung Terigu
2024-02-01,21000.0,31667.0,14033.0,15000.0,66667.0,51000.0,33333.0,32667.0,120000.0,15999.0,14500.0,14000.0,22000.0,14500.0,25250.0,12250.0
2024-02-02,21000.0,31667.0,14033.0,15000.0,66667.0,51000.0,33333.0,32667.0,120000.0,15999.0,14500.0,14000.0,22000.0,14500.0,25250.0,12250.0
2024-02-05,22000.0,32333.0,14033.0,15000.0,68000.0,47000.0,31000.0,33667.0,120000.0,15999.0,14500.0,14833.0,23000.0,14500.0,24750.0,12750.0
2024-02-06,22000.0,32333.0,14033.0,15000.0,68000.0,47000.0,31000.0,33667.0,120000.0,15999.0,14500.0,14833.0,23000.0,14500.0,24750.0,12750.0
2024-02-07,22000.0,32333.0,14033.0,15000.0,68000.0,47000.0,31000.0,33667.0,120000.0,15999.0,14500.0,14833.0,23000.0,14500.0,24750.0,12750.0
2024-02-08,22000.0,32333.0,14033.0,15000.0,68000.0,47000.0,31000.0,33667.0,120000.0,15999.0,14500.0,14833.0,23000.0,14500.0,24750.0,12750.0
2024-02-09,22000.0,32333.0,14033.0,15000.0,68000.0,47000.0,31000.0,33667.0,120000.0,15999.0,14500.0,14833.0,23000.0,14500.0,24750.0,12750.0
2024-02-12,22000.0,32333.0,14033.0,15000.0,68000.0,47000.0,31000.0,33667.0,120000.0,15999.0,14500.0,14833.0,23000.0,14500.0,24750.0,12750.0
2024-02-13,27000.0,31000.0,14183.0,15167.0,70667.0,48333.0,33667.0,33667.0,120000.0,16000.0,14500.0,14833.0,24000.0,14500.0,25250.0,12750.0
2024-02-14,27000.0,31000.0,14183.0,15167.0,70667.0,48333.0,33667.0,33667.0,120000.0,16000.0,14500.0,14833.0,24000.0,14500.0,25250.0,12750.0
2024-02-15,27000.0,31000.0,14183.0,15167.0,70667.0,48333.0,33667.0,33667.0,120000.0,16000.0,14500.0,14833.0,24000.0,14500.0,25250.0,12750.0
2024-02-16,27000.0,31000.0,14183.0,15167.0,70667.0,48333.0,33667.0,33667.0,120000.0,16000.0,14500.0,14833.0,24000.0,14500.0,25250.0,12750.0
2024-02-19,33667.0,31000.0,14383.0,15367.0,69000.0,53000.0,48667.0,34667.0,120000.0,16000.0,14500.0,14833.0,24000.0,14500.0,25250.0,12750.0
2024-02-20,33667.0,31000.0,14383.0,15367.0,69000.0,53000.0,53667.0,34667.0,120000.0,16000.0,14500.0,14833.0,24000.0,14500.0,25250.0,12750.0
2024-02-21,33667.0,31000.0,14383.0,15367.0,69000.0,56000.0,56667.0,34667.0,120000.0,16000.0,14500.0,14833.0,24000.0,15000.0,25250.0,12750.0
2024-02-22,33667.0,30667.0,14617.0,15633.0,69667.0,56000.0,58333.0,34667.0,120000.0,16400.0,14500.0,14833.0,24000.0,15333.0,24750.0,12750.0
2024-02-23,34000.0,30667.0,14717.0,15800.0,71333.0,59000.0,63333.0,34667.0,120000.0,16500.0,14500.0,15833.0,25000.0,15500.0,25250.0,12500.0
2024-02-26,28333.0,32333.0,14717.0,15800.0,73667.0,61333.0,52333.0,34667.0,120000.0,16500.0,14500.0,15833.0,25000.0,14833.0,27750.0,12500.0
2024-02-27,25333.0,32333.0,14717.0,15800.0,84000.0,81333.0,52333.0,34667.0,120000.0,16500.0,14500.0,15833.0,25000.0,14833.0,28750.0,12500.0
2024-02-28,25333.0,32333.0,14717.0,15800.0,84000.0,81333.0,52333.0,34667.0,120000.0,16500.0,14500.0,15667.0,25000.0,14833.0,28750.0,12500.0
2024-02-29,24333.0,32333.0,14717.0,15800.0,79000.0,74667.0,47333.0,34333.0,120000.0,16500.0,14500.0,15667.0,25000.0,14833.0,28750.0,12500.0
2024-03-01,24333.0,32333.0,14717.0,15800.0,79000.0,74667.0,47333.0,34333.0,120000.0,16500.0,14500.0,15667.0,25000.0,14833.0,28750.0,12500.0
2024-03-04,24333.0,32333.0,14717.0,15800.0,73333.0,70000.0,57000.0,38000.0,120000.0,16500.0,14500.0,15667.0,25000.0,14833.0,28750.0,12500.0
2024-03-05,24333.0,32333.0,14717.0,15800.0,73333.0,70000.0,57000.0,38000.0,120000.0,16500.0,14500.0,15667.0,25000.0,14833.0,28750.0,12500.0
2024-03-06,24333.0,32333.0,14717.0,15800.0,73333.0,70000.0,57000.0,38000.0,120000.0,16500.0,14500.0,15667.0,25000.0,14833.0,28750.0,12500.0
2024-03-07,25333.0,31000.0,14617.0,15617.0,69000.0,60000.0,53000.0,38000.0,120000.0,16500.0,14500.0,15667.0,25000.0,14833.0,29750.0,12500.0
2024-03-08,25333.0,31000.0,14617.0,15617.0,69000.0,60000.0,51667.0,38000.0,120000.0,16500.0,14500.0,15667.0,25000.0,14833.0,29750.0,12500.0
2024-03-11,25333.0,31000.0,14617.0,15617.0,64800.0,57600.0,54266.8,38000.0,120000.0,16500.0,14500.0,15667.0,25000.0,14833.0,29750.0,12500.0
2024-03-12,25333.0,31000.0,14617.0,15617.0,63400.0,56800.0,55133.4,38000.0,120000.0,16500.0,14500.0,15667.0,25000.0,14833.0,29750.0,12500.0
2024-03-13,25333.0,31000.0,14617.0,15617.0,62000.0,56000.0,56000.0,38000.0,120000.0,16500.0,14500.0,15667.0,25000.0,14833.0,29750.0,12500.0
2024-03-14,25333.0,31000.0,14617.0,15617.0,62000.0,56000.0,56000.0,38000.0,120000.0,16500.0,14500.0,15667.0,25000.0,14667.0,29500.0,12500.0
2024-03-15,25333.0,31000.0,14617.0,15617.0,62000.0,56000.0,56000.0,38000.0,120000.0,16500.0,14500.0,15667.0,25000.0,14667.0,29500.0,12500.0
2024-03-18,25333.0,31000.0,14617.0,15617.0,52667.0,56000.0,50667.0,38000.0,120000.0,16500.0,14500.0,15667.0,25000.0,14667.0,29500.0,12500.0
2024-03-19,29000.0,36000.0,14617.0,15567.0,36000.0,41667.0,41667.0,38000.0,120000.0,16500.0,14500.0,15667.0,25000.0,14667.0,30500.0,12500.0
2024-03-20,29000.0,36000.0,14617.0,15567.0,36000.0,41667.0,41667.0,38000.0,120000.0,16500.0,14500.0,15667.0,25000.0,14667.0,30500.0,12500.0
2024-03-21,31667.0,36000.0,14617.0,15567.0,33000.0,33000.0,30333.0,36000.0,120000.0,16500.0,14500.0,15667.0,25000.0,14667.0,30500.0,12500.0
2024-03-22,31667.0,36000.0,14617.0,15567.0,33000.0,33000.0,30333.0,36000.0,120000.0,16500.0,14500.0,15667.0,25000.0,14667.0,30500.0,12500.0
2024-03-25,31667.0,36000.0,14617.0,15567.0,33000.0,33000.0,30333.0,36000.0,120000.0,16500.0,14500.0,15667.0,25000.0,14667.0,30500.0,12500.0
2024-03-26,31667.0,36000.0,14617.0,15567.0,27000.0,33000.0,26000.0,36000.0,120000.0,16500.0,14500.0,15667.0,25000.0,14667.0,27500.0,12500.0
2024-03-27,29667.0,36000.0,14517.0,15467.0,27000.0,33000.0,25000.0,36000.0,120000.0,16500.0,14500.0,15667.0,25000.0,14667.0,27000.0,12500.0
2024-03-28,28333.0,36667.0,14517.0,15467.0,26000.0,30333.0,23667.0,36000.0,120000.0,16500.0,14500.0,16000.0,26000.0,15000.0,27000.0,12500.0
2024-03-29,28333.0,36667.0,14517.0,15467.0,26583.25,29999.75,23500.25,36250.0,120000.0,16500.0,14500.0,16000.0,26000.0,15041.75,26812.5,12500.0
2024-04-01,28333.0,36667.0,14517.0,15467.0,28333.0,29000.0,23000.0,37000.0,120000.0,16500.0,14500.0,16000.0,26000.0,15167.0,26250.0,12500.0
2024-04-02,28333.0,36667.0,14517.0,15467.0,28333.0,29000.0,23000.0,37000.0,120000.0,16500.0,14500.0,16000.0,26000.0,15167.0,26250.0,12500.0
2024-04-03,28333.0,36667.0,14517.0,15467.0,28333.0,29000.0,23000.0,37000.0,120000.0,16500.0,14500.0,16000.0,26000.0,15167.0,26250.0,12500.0
2024-04-04,28333.0,36667.0,14517.0,15467.0,28333.0,29000.0,23000.0,37000.0,120000.0,16500.0,14500.0,16000.0,26000.0,15167.0,26250.0,12500.0
2024-04-05,28333.0,36667.0,14517.0,15467.0,28333.0,29000.0,23000.0,37000.0,120000.0,16500.0,14500.0,16000.0,26000.0,15167.0,26250.0,12500.0
2024-04-08,39000.0,34000.0,14517.0,15467.0,46000.0,33000.0,26333.0,37000.0,120000.0,16500.0,14500.0,16000.0,26000.0,15167.0,26250.0,12500.0
2024-04-09,39000.0,34000.0,14517.0,15467.0,46000.0,33000.0,26333.0,38000.0,120000.0,16500.0,14500.0,16000.0,26000.0,15000.0,27750.0,12500.0
2024-04-10,39000.0,34000.0,14517.0,15467.0,42555.666666666664,32333.333333333332,30111.0,38000.0,120000.0,16500.0,14500.0,16000.0,26000.0,15000.0,27750.0,12500.0
2024-04-11,39000.0,34000.0,14517.0,15467.0,39111.333333333336,31666.666666666668,33889.0,38000.0,120000.0,16500.0,14500.0,16000.0,26000.0,15000.0,27750.0,12500.0
2024-04-12,39000.0,34000.0,14517.0,15467.0,35667.0,31000.0,37667.0,38000.0,120000.0,16500.0,14500.0,16000.0,26000.0,15000.0,27750.0,12500.0
2024-04-15,39000.0,34333.0,14517.0,15467.0,35667.0,31000.0,37667.0,38000.0,120000.0,16500.0,14500.0,16000.0,26000.0,15000.0,27750.0,12500.0
2024-04-16,48667.0,38667.0,14517.0,15467.0,31000.0,31000.0,29000.0,38000.0,120000.0,16500.0,14500.0,16000.0,26000.0,15000.0,27750.0,12500.0
2024-04-17,48667.0,38667.0,14517.0,15467.0,31000.0,31000.0,29000.0,38000.0,120000.0,16500.0,14500.0,16000.0,26000.0,15000.0,27750.0,12500.0
2024-04-18,48667.0,37667.0,14517.0,15467.0,36000.0,33000.0,25000.0,38000.0,120000.0,16500.0,14500.0,16000.0,26000.0,15000.0,25750.0,12500.0
2024-04-19,48667.0,37667.0,14517.0,15467.0,36000.0,33000.0,25000.0,38000.0,120000.0,16500.0,14500.0,16000.0,26000.0,15000.0,25750.0,12500.0
2024-04-22,48667.0,37667.0,14517.0,15467.0,36000.0,33000.0,25000.0,36667.0,120000.0,16500.0,14500.0,16000.0,26000.0,15000.0,25750.0,12500.0
2024-04-23,48667.0,37667.0,14467.0,15283.0,36000.0,33000.0,25000.0,36667.0,120000.0,16500.0,14500.0,16000.0,26000.0,15000.0,25750.0,12500.0
2024-04-24,48667.0,37667.0,14467.0,15283.0,40667.0,30667.0,27333.0,36667.0,120000.0,16500.0,14500.0,16000.0,26000.0,15000.0,26250.0,12500.0
2024-04-25,48667.0,37667.0,14467.0,15283.0,40667.0,30667.0,27333.0,36667.0,120000.0,16500.0,14500.0,16000.0,26000.0,15000.0,26250.0,12500.0
2024-04-26,48667.0,37667.0,14467.0,15283.0,40667.0,30667.0,27333.0,36667.0,120000.0,16500.0,14500.0,16000.0,26000.0,15000.0,26250.0,12500.0
2024-04-29,50667.0,37667.0,14467.0,15283.0,56000.0,47667.0,25000.0,36667.0,120000.0,16500.0,14500.0,16000.0,26000.0,15000.0,27250.0,12500.0
2024-04-30,50667.0,37667.0,14467.0,15283.0,56000.0,47667.0,25000.0,36667.0,120000.0,16500.0,14500.0,16000.0,26000.0,15000.0,27250.0,12500.0
2024-05-01,50667.0,37667.0,14375.0,15283.0,56833.5,46667.0,24000.0,36667.0,120000.0,16350.0,14500.0,16000.0,26000.0,15000.0,28000.0,12500.0
2024-05-02,50667.0,37667.0,14283.0,15283.0,57667.0,45667.0,23000.0,36667.0,120000.0,16200.0,14500.0,16000.0,26000.0,15000.0,28750.0,12500.0
2024-05-03,50667.0,37667.0,14283.0,15283.0,57667.0,45667.0,23000.0,36667.0,120000.0,16500.0,14500.0,16000.0,26000.0,15000.0,28750.0,12500.0
2024-05-06,46000.0,37667.0,13783.0,14733.0,56000.0,41000.0,21000.0,36667.0,120000.0,16500.0,14500.0,16000.0,26000.0,15000.0,27750.0,12500.0
2024-05-07,46000.0,37333.0,13783.0,14733.0,56000.0,41000.0,21000.0,36667.0,120000.0,16500.0,14500.0,16000.0,26000.0,15000.0,27750.0,12500.0
2024-05-08,43000.0,37333.0,13783.0,14733.0,54667.0,41000.0,19333.0,36667.0,120000.0,16500.0,14500.0,16000.0,26000.0,15000.0,27750.0,12500.0
2024-05-09,43000.0,37333.0,13783.0,14733.0,54667.0,41000.0,19333.0,36667.0,120000.0,16500.0,14500.0,16000.0,26000.0,15000.0,27750.0,12500.0
2024-05-10,43000.0,37333.0,13783.0,14733.0,54667.0,41000.0,19333.0,36667.0,120000.0,16500.0,14500.0,16000.0,26000.0,15000.0,27750.0,12500.0
2024-05-13,43000.0,37333.0,13783.0,14733.0,54667.0,41000.0,19333.0,36667.0,120000.0,16500.0,14500.0,16000.0,26000.0,15000.0,27750.0,12500.0
2024-05-14,43000.0,37333.0,13783.0,14733.0,54667.0,41000.0,19333.0,36667.0,120000.0,16500.0,14500.0,16000.0,26000.0,15000.0,27750.0,12500.0
2024-05-15,43000.0,37333.0,13783.0,14733.0,48000.0,36000.0,16000.0,36667.0,120000.0,16500.0,14500.0,16000.0,26000.0,15000.0,27750.0,12500.0
2024-05-16,43000.0,37333.0,13783.0,14733.0,48000.0,36000.0,16000.0,36667.0,120000.0,16500.0,14500.0,16000.0,26000.0,15000.0,27750.0,12500.0
2024-05-17,43000.0,37333.0,13783.0,14733.0,48000.0,36000.0,26000.0,36667.0,120000.0,16500.0,14500.0,16000.0,26000.0,15000.0,26750.0,12500.0
2024-05-20,43000.0,37333.0,13783.0,14733.0,44000.0,37000.0,24000.0,36667.0,120000.0,16500.0,14500.0,16000.0,26000.0,15000.0,26750.0,12500.0
2024-05-21,43000.0,37333.0,13783.0,14733.0,44000.0,37000.0,24000.0,36667.0,120000.0,16500.0,14500.0,16000.0,26000.0,15000.0,26750.0,12500.0
2024-05-22,43000.0,36333.0,13733.0,14567.0,44000.0,39000.0,22000.0,36667.0,120000.0,16500.0,14500.0,16000.0,24333.0,15000.0,27250.0,12500.0
2024-05-23,43000.0,36333.0,13733.0,14567.0,44400.0,39400.0,22800.0,36667.0,120000.0,16500.0,14500.0,16000.0,24333.0,15000.0,27250.0,12500.0
2024-05-24,43000.0,36333.0,13733.0,14567.0,44800.0,39800.0,23600.0,36667.0,120000.0,16500.0,14500.0,16000.0,24333.0,15000.0,27250.0,12500.0
2024-05-27,43000.0,36333.0,13733.0,14567.0,46000.0,41000.0,26000.0,36667.0,120000.0,16500.0,14500.0,16000.0,24333.0,15000.0,27250.0,12500.0
2024-05-28,43000.0,36333.0,13733.0,14567.0,46000.0,41000.0,26000.0,35667.0,120000.0,16500.0,13000.0,16000.0,24333.0,15000.0,26250.0,12500.0
2024-05-29,49000.0,36333.0,13733.0,14567.0,41000.0,41000.0,24000.0,35667.0,120000.0,16500.0,13000.0,16000.0,24333.0,15000.0,26250.0,12500.0
2024-05-30,49000.0,36333.0,13733.0,14567.0,41000.0,41000.0,24000.0,35667.0,120000.0,16500.0,13000.0,16000.0,24333.0,15000.0,26250.0,12500.0
2024-05-31,49000.0,36333.0,13733.0,14567.0,41000.0,41000.0,24000.0,35667.0,120000.0,16500.0,13000.0,16000.0,24333.0,15000.0,26250.0,12500.0
2024-06-03,44000.0,36333.0,13733.0,14567.0,39000.0,37667.0,22000.0,35667.0,120000.0,16500.0,13000.0,16000.0,24333.0,15000.0,26250.0,12500.0
2024-06-04,44000.0,36333.0,13733.0,14567.0,39000.0,37667.0,25000.0,34667.0,120000.0,16500.0,13000.0,16000.0,24333.0,15000.0,25750.0,12500.0
2024-06-05,44000.0,36333.0,13733.0,14567.0,39000.0,37667.0,25000.0,34667.0,120000.0,16500.0,13000.0,16000.0,24333.0,15000.0,25750.0,12500.0
2024-06-06,44000.0,36333.0,13733.0,14567.0,39000.0,37667.0,25000.0,34667.0,120000.0,16200.0,13000.0,16000.0,24333.0,15000.0,25750.0,12500.0
2024-06-07,44000.0,36333.0,13733.0,14567.0,42000.0,37667.0,28000.0,34667.0,120000.0,16200.0,13000.0,16000.0,24333.0,15000.0,25750.0,12500.0
2024-06-10,44000.0,36333.0,13733.0,14567.0,42000.0,37667.0,28000.0,34667.0,120000.0,16200.0,13000.0,16000.0,24333.0,15000.0,25750.0,12500.0
2024-06-11,41333.0,35333.0,13750.0,14567.0,40667.0,36000.0,29667.0,34333.0,120000.0,16500.0,12500.0,15833.0,23000.0,14833.0,25750.0,12500.0
2024-06-12,41333.0,35333.0,13750.0,14567.0,40667.0,36000.0,29667.0,34333.0,120000.0,16500.0,12500.0,15833.0,23000.0,14833.0,25750.0,12500.0
2024-06-13,41333.0,35333.0,13750.0,14567.0,40667.0,36000.0,29667.0,34333.0,120000.0,16500.0,12500.0,15833.0,23000.0,14833.0,25500.0,12500.0
2024-06-14,41333.0,35333.0,13750.0,14567.0,40667.0,36000.0,29667.0,34333.0,120000.0,16500.0,12500.0,15833.0,23000.0,14833.0,25500.0,12500.0
2024-06-17,41333.0,35333.0,13670.2,14567.0,46866.8,39000.0,29266.8,34333.0,120000.0,16500.0,12500.0,15833.0,23000.0,14833.0,25500.0,12500.0
2024-06-18,41333.0,35333.0,13643.6,14567.0,48933.4,40000.0,29133.4,34333.0,120000.0,16500.0,12500.0,15833.0,23000.0,14833.0,25500.0,12500.0
2024-06-19,41333.0,35333.0,13617.0,14567.0,51000.0,41000.0,29000.0,34333.0,120000.0,16500.0,12500.0,15833.0,23000.0,14833.0,25500.0,12500.0
2024-06-20,41333.0,35333.0,13617.0,14567.0,51000.0,41000.0,29000.0,34333.0,120000.0,16500.0,12500.0,15833.0,23000.0,14833.0,25500.0,12500.0
2024-06-21,36000.0,35333.0,13617.0,14567.0,49333.0,42333.0,23000.0,34333.0,120000.0,16500.0,12500.0,15833.0,23000.0,14833.0,25750.0,12500.0
2024-06-24,36000.0,35333.0,13617.0,14567.0,47000.0,38000.0,22000.0,33667.0,120000.0,16500.0,12500.0,15833.0,23000.0,14833.0,25750.0,12500.0
2024-06-25,36000.0,35333.0,13617.0,14567.0,47000.0,38000.0,22000.0,33667.0,120000.0,16500.0,12500.0,15833.0,23000.0,14833.0,25750.0,12500.0
2024-06-26,36000.0,35333.0,13617.0,14567.0,47000.0,38000.0,22000.0,33667.0,120000.0,16500.0,12500.0,15833.0,23000.0,14833.0,25750.0,12500.0
2024-06-27,36000.0,35333.0,13617.0,14567.0,47000.0,38000.0,22000.0,33667.0,120000.0,16500.0,12500.0,15833.0,23000.0,14833.0,25750.0,12500.0
2024-06-28,36000.0,35333.0,13617.0,14567.0,47000.0,38000.0,22000.0,33667.0,120000.0,16500.0,12500.0,15833.0,23000.0,14833.0,25750.0,12500.0
2024-07-01,36000.0,35333.0,13617.0,14567.0,47000.0,30233.0,22000.0,33667.0,120000.0,16500.0,12500.0,15833.0,23000.0,14833.0,25750.0,12500.0
2024-07-02,36000.0,35333.0,13617.0,14383.0,39000.0,29000.0,27000.0,33667.0,120000.0,16500.0,12500.0,15833.0,24000.0,15167.0,25750.0,12500.0
2024-07-03,35000.0,34333.0,13717.0,14550.0,34000.0,27667.0,30000.0,33667.0,120000.0,16667.0,12500.0,15967.0,24333.0,15667.0,26000.0,12500.0
2024-07-04,31667.0,32333.0,13717.0,14550.0,32000.0,27667.0,32000.0,33667.0,120000.0,16667.0,12500.0,15967.0,24333.0,15667.0,26250.0,12500.0
2024-07-05,31667.0,32333.0,13717.0,14550.0,32000.0,27667.0,32000.0,33667.0,120000.0,16667.0,12500.0,15967.0,24333.0,15667.0,26250.0,12500.0
2024-07-08,31667.0,32333.0,13717.0,14550.0,32000.0,27667.0,32000.0,33667.0,120000.0,16667.0,12500.0,15967.0,24333.0,15667.0,26250.0,12500.0
2024-07-09,31667.0,32333.0,13717.0,14550.0,32000.0,27667.0,32000.0,33667.0,120000.0,16667.0,12500.0,15967.0,24333.0,15667.0,26250.0,12500.0
2024-07-10,31667.0,32333.0,13717.0,14550.0,32000.0,27667.0,32000.0,33667.0,120000.0,16667.0,12500.0,15967.0,24333.0,15667.0,26250.0,12500.0
2024-07-11,28667.0,32333.0,13717.0,14550.0,32000.0,27667.0,38000.0,33667.0,120000.0,16667.0,12500.0,15967.0,24333.0,15667.0,26250.0,12500.0
2024-07-12,28667.0,32333.0,13717.0,14550.0,32000.0,27667.0,38000.0,33667.0,120000.0,16667.0,12500.0,15967.0,24333.0,15667.0,26250.0,12500.0
2024-07-15,22000.0,31667.0,13717.0,14550.0,31000.0,28000.0,46000.0,33667.0,120000.0,16667.0,12500.0,15967.0,24333.0,15667.0,25250.0,12500.0
2024-07-16,22000.0,31667.0,13717.0,14550.0,31000.0,29500.0,49500.0,33667.0,120000.0,16667.0,12500.0,15967.0,24333.0,15667.0,25250.0,12500.0
2024-07-17,22000.0,31667.0,13717.0,14550.0,31000.0,31000.0,53000.0,33667.0,120000.0,16667.0,12500.0,15967.0,24333.0,15667.0,25250.0,12500.0
2024-07-18,22000.0,31667.0,13717.0,14550.0,27667.0,31000.0,63000.0,33667.0,120000.0,16667.0,12500.0,15967.0,24333.0,15667.0,25250.0,12500.0
2024-07-19,22000.0,31667.0,13717.0,14550.0,27667.0,31000.0,63000.0,33667.0,120000.0,16667.0,12500.0,15967.0,24333.0,15667.0,25250.0,12500.0
2024-07-22,23000.0,31667.0,13717.0,14550.0,31000.0,37000.0,65000.0,33667.0,120000.0,16667.0,12500.0,15967.0,24333.0,15667.0,25250.0,12500.0
2024-07-23,23000.0,31667.0,13717.0,14550.0,31000.0,37000.0,65000.0,33667.0,120000.0,16667.0,12500.0,15967.0,24333.0,15667.0,25250.0,12500.0
2024-07-24,23000.0,31667.0,13717.0,14550.0,31000.0,37000.0,73000.0,33667.0,120000.0,16667.0,12500.0,15967.0,24333.0,15667.0,25250.0,12500.0
2024-07-25,23000.0,31667.0,13717.0,14550.0,31000.0,37000.0,76000.0,33667.0,120000.0,16667.0,12500.0,15967.0,24333.0,15667.0,25250.0,12500.0
2024-07-26,23000.0,31667.0,13717.0,14550.0,31000.0,37000.0,76000.0,33667.0,120000.0,16667.0,12500.0,15967.0,24333.0,15667.0,25250.0,12500.0
2024-07-29,22000.0,31333.0,13717.0,14550.0,28667.0,41000.0,71000.0,33000.0,120000.0,16667.0,12500.0,15967.0,24333.0,15667.0,24750.0,12500.0
2024-07-30,22000.0,31333.0,13717.0,14550.0,28667.0,41000.0,71000.0,33000.0,120000.0,16667.0,12500.0,15967.0,24333.0,15667.0,24750.0,12500.0
2024-07-31,22000.0,31333.0,13717.0,14550.0,28667.0,37000.0,75000.0,33000.0,120000.0,16667.0,12500.0,15967.0,24333.0,15667.0,24750.0,12500.0
2024-08-01,22000.0,31333.0,13717.0,14550.0,28667.0,34000.0,65000.0,33000.0,120000.0,16667.0,12500.0,15967.0,24333.0,15667.0,24750.0,12500.0
2024-08-02,22000.0,31333.0,13717.0,14550.0,28667.0,34000.0,65000.0,33000.0,120000.0,16667.0,12500.0,15967.0,24333.0,15667.0,24750.0,12500.0
2024-08-05,22000.0,31333.0,13717.0,14550.0,31000.0,36000.0,68000.0,33000.0,120000.0,16667.0,12500.0,15967.0,24333.0,15667.0,24750.0,12500.0
2024-08-06,22000.0,31333.0,13717.0,14550.0,31000.0,36000.0,68000.0,33000.0,120000.0,16667.0,12500.0,15967.0,24333.0,15667.0,26250.0,12500.0
2024-08-07,22000.0,31333.0,13717.0,14550.0,31000.0,36000.0,68000.0,33000.0,120000.0,16667.0,12500.0,15967.0,24333.0,15667.0,26250.0,12500.0
2024-08-08,22000.0,31333.0,13717.0,14550.0,31000.0,36000.0,68000.0,33000.0,120000.0,16667.0,12500.0,15967.0,24333.0,15667.0,26250.0,12500.0
2024-08-09,22000.0,31333.0,13717.0,14550.0,31000.0,37000.0,59000.0,33000.0,120000.0,16500.0,12500.0,15967.0,24333.0,15500.0,26250.0,12500.0
2024-08-12,22000.0,31333.0,13717.0,14550.0,31000.0,37000.0,59000.0,33000.0,120000.0,16500.0,12500.0,15967.0,24333.0,15500.0,26250.0,12500.0
2024-08-13,22000.0,31333.0,13717.0,14550.0,31000.0,37000.0,55000.0,33000.0,120000.0,16500.0,12500.0,15967.0,24333.0,15500.0,26250.0,12500.0
2024-08-14,22000.0,31333.0,13717.0,14550.0,31000.0,37000.0,55000.0,33000.0,120000.0,16500.0,12500.0,15967.0,24333.0,15500.0,26250.0,12500.0
2024-08-15,22000.0,31333.0,13717.0,14533.0,31000.0,37000.0,55000.0,33000.0,120000.0,16500.0,12500.0,15967.0,24333.0,15500.0,26250.0,12500.0
2024-08-16,22000.0,31333.0,13717.0,14533.0,31000.0,37000.0,55000.0,33000.0,120000.0,16500.0,12500.0,15967.0,24333.0,15500.0,26250.0,12500.0
2024-08-19,22000.0,31333.0,13717.0,14533.0,31000.0,34000.0,51000.0,33000.0,120000.0,16500.0,12500.0,15967.0,24333.0,15500.0,26250.0,12500.0
2024-08-20,22000.0,31333.0,13717.0,14533.0,31000.0,34000.0,51000.0,33000.0,120000.0,16500.0,12500.0,15967.0,24333.0,15500.0,26250.0,12500.0
2024-08-21,22000.0,31333.0,13717.0,14533.0,31000.0,34000.0,51000.0,33000.0,120000.0,16500.0,12500.0,15967.0,24333.0,15500.0,26250.0,12500.0
2024-08-22,22000.0,31333.0,13517.0,14567.0,31000.0,34000.0,51000.0,32667.0,120000.0,16500.0,12500.0,15967.0,24333.0,15500.0,26250.0,12500.0
2024-08-23,22000.0,31333.0,13517.0,14567.0,31000.0,34000.0,51000.0,32667.0,120000.0,16500.0,12500.0,15967.0,24333.0,15500.0,26250.0,12500.0
2024-08-26,22000.0,31333.0,13517.0,14567.0,31000.0,34000.0,51000.0,32667.0,120000.0,16500.0,12500.0,15967.0,24333.0,15500.0,26250.0,12500.0
2024-08-27,21000.0,31333.0,13517.0,14377.0,29667.0,34000.0,38000.0,32333.0,120000.0,16500.0,12500.0,15967.0,24333.0,15500.0,26250.0,12500.0
2024-08-28,21000.0,31333.0,13517.0,14567.0,29667.0,34000.0,38000.0,32333.0,120000.0,16500.0,12500.0,15967.0,24333.0,15500.0,26250.0,12500.0
2024-08-29,21000.0,31333.0,13517.0,14567.0,29667.0,34000.0,38000.0,32333.0,120000.0,16500.0,12500.0,15967.0,24333.0,15500.0,26250.0,12500.0
2024-08-30,21000.0,31333.0,13517.0,14567.0,29667.0,34000.0,38000.0,32333.0,120000.0,16500.0,12500.0,15967.0,24333.0,15667.0,26250.0,12500.0
2024-09-02,21000.0,31333.0,13517.0,14567.0,28333.0,34000.0,36000.0,32333.0,120000.0,16500.0,12500.0,15967.0,24333.0,15667.0,26250.0,12500.0
2024-09-03,21000.0,31333.0,13517.0,14567.0,28333.0,34000.0,30000.0,32333.0,120000.0,16500.0,12500.0,15967.0,24333.0,15667.0,26250.0,12500.0
2024-09-04,21000.0,31333.0,13517.0,14567.0,25000.0,27000.0,31000.0,32333.0,120000.0,16500.0,12500.0,15967.0,24333.0,15667.0,26250.0,12500.0
2024-09-05,21000.0,31333.0,13517.0,14567.0,25000.0,27000.0,31000.0,32333.0,120000.0,16500.0,12500.0,15967.0,24333.0,15667.0,26250.0,12500.0
2024-09-06,21000.0,31333.0,13517.0,14567.0,25000.0,27000.0,31000.0,32333.0,120000.0,16500.0,12500.0,15967.0,24333.0,15667.0,26250.0,12500.0
2024-09-09,21000.0,32333.0,13517.0,14567.0,23000.0,23000.0,28333.0,33333.0,120000.0,16500.0,12500.0,16083.0,24333.0,15900.0,24250.0,12500.0
2024-09-10,21000.0,32333.0,13617.0,14567.0,23000.0,23000.0,28333.0,33333.0,120000.0,16500.0,12500.0,16000.0,24333.0,15900.0,24250.0,12500.0
2024-09-11,21000.0,32333.0,13617.0,14567.0,23000.0,23000.0,28333.0,33333.0,120000.0,16500.0,12500.0,16000.0,24333.0,15900.0,24250.0,12500.0
2024-09-12,21000.0,32333.0,13617.0,14567.0,23000.0,23000.0,28333.0,33333.0,120000.0,16500.0,12500.0,16000.0,24333.0,15900.0,24250.0,12500.0
2024-09-13,21000.0,32333.0,13617.0,14567.0,23000.0,23000.0,28333.0,33333.0,120000.0,16500.0,12500.0,16000.0,24333.0,15900.0,24250.0,12500.0
2024-09-16,22250.25,32333.0,13617.0,14567.0,21500.0,21500.0,31833.25,34083.0,120000.0,16500.0,12500.0,16000.0,24333.0,15900.0,25187.5,12500.0
2024-09-17,22667.0,32333.0,13617.0,14567.0,21000.0,21000.0,33000.0,34333.0,120000.0,16500.0,12500.0,16000.0,24333.0,15900.0,25500.0,12500.0
2024-09-18,22667.0,32333.0,13617.0,14567.0,21000.0,21000.0,33000.0,34333.0,120000.0,16500.0,12500.0,16000.0,24333.0,15900.0,25500.0,12500.0
2024-09-19,22667.0,32333.0,13633.0,14567.0,21000.0,21000.0,33000.0,34333.0,120000.0,16500.0,12500.0,16000.0,24333.0,15900.0,25500.0,12500.0
2024-09-20,22667.0,32333.0,13633.0,14567.0,21000.0,21000.0,33000.0,34333.0,120000.0,16500.0,12500.0,16000.0,24333.0,15900.0,25500.0,12500.0
2024-09-23,22667.0,32333.0,13650.0,14567.0,21000.0,21000.0,33000.0,34333.0,120000.0,16500.0,12500.0,16000.0,24333.0,15900.0,25500.0,12500.0
2024-09-24,29000.0,34667.0,13650.0,14567.0,21000.0,21000.0,31000.0,33667.0,120000.0,16500.0,12500.0,16000.0,24333.0,15900.0,24750.0,12500.0
2024-09-25,29000.0,34667.0,13650.0,14567.0,21000.0,21000.0,31000.0,32667.0,120000.0,16500.0,12500.0,16000.0,24333.0,15633.0,24750.0,12500.0
2024-09-26,29000.0,34667.0,13650.0,14567.0,21000.0,21000.0,31000.0,32667.0,120000.0,16500.0,12500.0,16000.0,24333.0,15633.0,24750.0,12500.0
2024-09-27,29000.0,34667.0,13650.0,14567.0,21000.0,21000.0,31000.0,32667.0,120000.0,16500.0,12500.0,16000.0,24333.0,15633.0,24750.0,12500.0
2024-09-30,29000.0,34667.0,13650.0,14567.0,21000.0,21000.0,31000.0,32667.0,120000.0,16500.0,12500.0,16000.0,24333.0,15633.0,24750.0,12500.0
2024-10-01,29000.0,34667.0,13650.0,14567.0,19667.0,19667.0,31000.0,32667.0,120000.0,16500.0,12500.0,16000.0,24333.0,15633.0,24750.0,12500.0
2024-10-02,29000.0,34667.0,13650.0,14567.0,19667.0,19667.0,31000.0,32667.0,120000.0,16500.0,12500.0,16000.0,24333.0,15633.0,24750.0,12500.0
2024-10-03,29000.0,34667.0,13650.0,14567.0,19667.0,19667.0,31000.0,32667.0,120000.0,16500.0,12500.0,16000.0,24333.0,15633.0,24750.0,12500.0
2024-10-04,29000.0,34667.0,13650.0,14567.0,19667.0,19667.0,31000.0,32667.0,120000.0,16500.0,12500.0,16000.0,24333.0,15633.0,24750.0,12500.0
2024-10-07,27000.0,34667.0,13650.0,14567.0,21000.0,21000.0,32667.0,32667.0,120000.0,16500.0,12500.0,16000.0,24333.0,15633.0,25250.0,12500.0
2024-10-08,27000.0,34667.0,13650.0,14567.0,21000.0,21000.0,32667.0,32667.0,120000.0,16500.0,12500.0,16000.0,24333.0,15633.0,25250.0,12500.0
2024-10-09,27000.0,34667.0,13650.0,14567.0,21000.0,21000.0,32667.0,32667.0,120000.0,16500.0,12500.0,16000.0,24333.0,15633.0,25250.0,12500.0
2024-10-10,27000.0,34667.0,13650.0,14567.0,21000.0,21000.0,32667.0,32667.0,120000.0,16500.0,12500.0,16000.0,24333.0,15633.0,25250.0,12500.0
2024-10-11,29000.0,33667.0,13683.0,14617.0,19667.0,20000.0,34667.0,33333.0,120000.0,16500.0,12500.0,16000.0,25000.0,15900.0,25000.0,12750.0
2024-10-14,29000.0,33667.0,13683.0,14617.0,21333.0,21667.0,41000.0,33333.0,120000.0,16500.0,12500.0,16000.0,25000.0,15900.0,25000.0,12750.0
2024-10-15,29000.0,33667.0,13683.0,14617.0,21333.0,21667.0,41000.0,33333.0,120000.0,16500.0,12500.0,16000.0,25000.0,15900.0,25000.0,12750.0
2024-10-16,27000.0,33667.0,13683.0,14617.0,18000.0,20000.0,36000.0,33333.0,120000.0,16500.0,12500.0,16000.0,25000.0,15900.0,25000.0,12750.0
2024-10-17,27000.0,33667.0,13683.0,14617.0,18000.0,20000.0,36000.0,33333.0,120000.0,16500.0,12500.0,16000.0,25000.0,15900.0,25000.0,12750.0
2024-10-18,27000.0,33667.0,13683.0,14617.0,18000.0,19333.0,38000.0,33333.0,120000.0,16500.0,12500.0,16000.0,25000.0,15900.0,25000.0,12750.0
2024-10-21,27000.0,33667.0,13683.0,14617.0,18000.0,19333.0,38000.0,33333.0,120000.0,16500.0,12500.0,16000.0,25000.0,15900.0,25000.0,12750.0
2024-10-22,28667.0,33667.0,13683.0,14617.0,17000.0,17000.0,33000.0,33333.0,120000.0,16500.0,12500.0,16000.0,25000.0,15900.0,25000.0,12750.0
2024-10-23,28667.0,33667.0,13683.0,14617.0,17000.0,17000.0,33000.0,33333.0,120000.0,16500.0,12500.0,16000.0,25000.0,15900.0,25000.0,12750.0
2024-10-24,28667.0,33667.0,13683.0,14617.0,17000.0,17000.0,33000.0,33333.0,120000.0,16500.0,12500.0,16000.0,25000.0,15900.0,25000.0,12750.0
2024-10-25,28667.0,33667.0,13683.0,14617.0,17000.0,21000.0,31000.0,39667.0,120000.0,16500.0,12500.0,16000.0,25000.0,15900.0,25000.0,12750.0
2024-10-28,29000.0,33667.0,13683.0,14617.0,16000.0,20667.0,28000.0,38667.0,120000.0,16500.0,12500.0,16000.0,25000.0,15900.0,24750.0,12750.0
2024-10-29,29000.0,33667.0,13683.0,14617.0,16000.0,20667.0,28000.0,38667.0,120000.0,16500.0,12500.0,16000.0,25000.0,15900.0,24750.0,12750.0
2024-10-30,30333.0,33667.0,13683.0,14617.0,16000.0,20667.0,28000.0,38333.0,120000.0,16500.0,12500.0,16000.0,25000.0,15900.0,24750.0,12750.0
2024-10-31,30333.0,33667.0,13683.0,14617.0,15667.0,19000.0,25000.0,37000.0,120000.0,16500.0,12500.0,16000.0,25000.0,15900.0,24750.0,12750.0
2024-11-01,30333.0,33667.0,13683.0,14617.0,13667.0,18000.0,25000.0,36000.0,120000.0,16500.0,12500.0,16000.0,25000.0,15900.0,24750.0,12750.0
2024-11-04,30333.0,33667.0,13683.0,14617.0,13667.0,18000.0,25000.0,36000.0,120000.0,16500.0,12500.0,16000.0,25000.0,15900.0,24750.0,12750.0
2024-11-05,30333.0,33667.0,13683.0,14617.0,13667.0,18000.0,25000.0,36000.0,120000.0,16500.0,12500.0,16000.0,25000.0,15900.0,24750.0,12750.0
2024-11-06,35000.0,36000.0,13683.0,14617.0,17000.0,18000.0,28667.0,36000.0,120000.0,16500.0,12500.0,16000.0,25000.0,15900.0,24250.0,12750.0
2024-11-07,35000.0,36000.0,13683.0,14617.0,17000.0,18000.0,28667.0,36000.0,120000.0,16500.0,12500.0,16000.0,25000.0,15900.0,24250.0,12750.0
2024-11-08,35000.0,36000.0,13683.0,14617.0,17000.0,18000.0,28667.0,36000.0,120000.0,16500.0,12500.0,16000.0,25000.0,15900.0,24250.0,12750.0
2024-11-11,35000.0,36000.0,13683.0,14617.0,17000.0,18000.0,28667.0,36000.0,120000.0,16500.0,12500.0,16000.0,25000.0,15900.0,24250.0,12750.0
2024-11-12,35000.0,36000.0,13683.0,14617.0,17000.0,18000.0,28667.0,36000.0,120000.0,16500.0,12500.0,16000.0,25000.0,15900.0,24250.0,12750.0
2024-11-13,35000.0,36000.0,13683.0,14617.0,17000.0,18000.0,28667.0,36000.0,120000.0,16500.0,12500.0,16000.0,25000.0,15900.0,24250.0,12750.0
2024-11-14,37000.0,36000.0,13683.0,14617.0,16333.0,17000.0,30333.0,35333.0,120000.0,16500.0,12500.0,16000.0,25000.0,16500.0,24500.0,12750.0
2024-11-15,37000.0,36000.0,13683.0,14617.0,18000.0,18000.0,34000.0,36667.0,120000.0,16500.0,12500.0,16667.0,25000.0,16500.0,24500.0,12750.0
2024-11-18,38667.0,36000.0,13683.0,14617.0,21000.0,20000.0,31000.0,36667.0,120000.0,16500.0,12500.0,16667.0,21500.0,16500.0,24500.0,12750.0
2024-11-19,38667.0,36000.0,13683.0,14617.0,21000.0,20000.0,31000.0,36667.0,120000.0,16500.0,12500.0,16667.0,21500.0,16500.0,24500.0,12750.0
2024-11-20,38667.0,36000.0,13683.0,14617.0,21000.0,20000.0,31000.0,36667.0,120000.0,16500.0,12500.0,16667.0,21500.0,16500.0,24500.0,12750.0
2024-11-21,38667.0,36000.0,13683.0,14617.0,21000.0,20000.0,31000.0,36667.0,120000.0,16500.0,12500.0,16667.0,21500.0,16500.0,24500.0,12750.0
2024-11-22,38667.0,36000.0,13683.0,14617.0,21000.0,20000.0,31000.0,36667.0,120000.0,16500.0,12500.0,16667.0,21500.0,16500.0,24500.0,12750.0
2024-11-25,38667.0,36000.0,13683.0,14617.0,21000.0,20000.0,21000.0,36667.0,120000.0,16500.0,12500.0,16667.0,21500.0,16500.0,24500.0,12750.0
2024-11-26,38667.0,36000.0,13683.0,14617.0,21000.0,20000.0,21000.0,36667.0,120000.0,16500.0,12500.0,16667.0,21500.0,16500.0,24500.0,12750.0
2024-11-27,38667.0,36000.0,13683.0,14617.0,21000.0,20000.0,21000.0,36667.0,120000.0,16500.0,12500.0,16667.0,21500.0,16500.0,24500.0,12750.0
2024-11-28,38667.0,36000.0,13683.0,14617.0,21000.0,20000.0,21000.0,36667.0,120000.0,16500.0,12500.0,16667.0,21500.0,16500.0,24500.0,12750.0
2024-11-29,38667.0,36000.0,13683.0,14617.0,21000.0,20000.0,21000.0,36667.0,120000.0,16500.0,12500.0,16667.0,21500.0,16500.0,24500.0,12750.0
2024-12-02,35333.0,36000.0,13683.0,14617.0,21000.0,20000.0,21000.0,36667.0,120000.0,16500.0,12500.0,16667.0,21500.0,16500.0,24500.0,12750.0
2024-12-03,35333.0,36000.0,13683.0,14617.0,24000.0,20000.0,21000.0,35667.0,120000.0,16500.0,12500.0,16667.0,21500.0,16500.0,24500.0,12750.0
2024-12-04,36667.0,36000.0,13683.0,14617.0,24000.0,20000.0,21000.0,35667.0,120000.0,16500.0,12500.0,16667.0,21500.0,16500.0,24500.0,12750.0
2024-12-05,36667.0,36000.0,13683.0,14617.0,24000.0,20000.0,21000.0,35667.0,120000.0,16500.0,12500.0,16667.0,21500.0,16500.0,24250.0,12750.0
2024-12-06,36667.0,36000.0,13683.0,14617.0,24000.0,20000.0,21000.0,35667.0,120000.0,16500.0,12500.0,16667.0,21500.0,16500.0,24250.0,12750.0
2024-12-09,36667.0,36000.0,13683.0,14617.0,24000.0,20000.0,21000.0,35667.0,120000.0,16500.0,12500.0,16667.0,21500.0,16500.0,24250.0,12750.0
2024-12-10,32667.0,36000.0,13683.0,14617.0,26000.0,21000.0,26000.0,35333.0,120000.0,16500.0,12500.0,16667.0,21500.0,16833.0,26250.0,12750.0
2024-12-11,32667.0,36000.0,13683.0,14617.0,26000.0,21000.0,26000.0,35333.0,120000.0,16500.0,12500.0,16667.0,21500.0,16833.0,26250.0,12750.0
2024-12-12,32667.0,36000.0,13683.0,14617.0,26000.0,21000.0,25000.0,35333.0,120000.0,16500.0,12500.0,16833.0,21500.0,16833.0,27250.0,12750.0
2024-12-13,32667.0,36000.0,13683.0,14617.0,26000.0,21000.0,25000.0,35333.0,120000.0,16500.0,12500.0,16833.0,21500.0,16833.0,27250.0,12750.0
2024-12-16,32667.0,36000.0,13683.0,14617.0,26000.0,21000.0,36000.0,35333.0,120000.0,16500.0,12500.0,16833.0,21500.0,16833.0,27250.0,12750.0
2024-12-17,33667.0,36000.0,13683.0,14617.0,29000.0,26000.0,36000.0,35333.0,120000.0,16500.0,12500.0,16833.0,21500.0,16833.0,27250.0,12750.0
2024-12-18,33667.0,36000.0,13683.0,14617.0,29000.0,26000.0,36000.0,35333.0,120000.0,16500.0,12500.0,16833.0,21500.0,16833.0,27250.0,12750.0
2024-12-19,33667.0,36000.0,13683.0,14600.0,29000.0,29000.0,39000.0,34333.0,120000.0,16500.0,12500.0,16833.0,21500.0,16667.0,28250.0,12750.0
2024-12-20,33667.0,36000.0,13683.0,14600.0,29000.0,29000.0,39000.0,34333.0,120000.0,16500.0,12500.0,16833.0,21500.0,16667.0,28250.0,12750.0
2024-12-23,33667.0,39333.0,13683.0,14600.0,46000.0,46667.0,49000.0,34333.0,120000.0,16500.0,12500.0,16833.0,21500.0,16667.0,30500.0,12750.0
2024-12-24,33667.0,39333.0,13683.0,14600.0,46000.0,46667.0,49000.0,34667.0,120000.0,16500.0,12500.0,16833.0,21500.0,15700.0,30500.0,12750.0
2024-12-25,34000.333333333336,39111.0,13683.0,14627.666666666666,46000.0,46778.0,49111.0,35000.333333333336,120000.0,16500.0,12466.666666666666,16888.666666666668,21611.0,15700.0,30250.0,12750.0
2024-12-26,34333.666666666664,38889.0,13683.0,14655.333333333334,46000.0,46889.0,49222.0,35333.666666666664,120000.0,16500.0,12433.333333333334,16944.333333333332,21722.0,15700.0,30000.0,12750.0
2024-12-27,34667.0,38667.0,13683.0,14683.0,46000.0,47000.0,49333.0,35667.0,120000.0,16500.0,12400.0,17000.0,21833.0,15700.0,29750.0,12750.0
2024-12-30,34667.0,38667.0,13683.0,14683.0,46000.0,47000.0,49333.0,35667.0,120000.0,16500.0,12400.0,17000.0,21833.0,15700.0,29750.0,12750.0
2024-12-31,34667.0,38667.0,13683.0,14683.0,46000.0,47000.0,49333.0,35667.0,120000.0,16500.0,12400.0,17000.0,21833.0,15700.0,29500.0,12750.0
2025-01-01,34667.0,38667.0,13683.0,14683.0,46000.0,47000.0,49333.0,35667.0,120000.0,16500.0,12400.0,17000.0,21833.0,15700.0,29500.0,12750.0
2025-01-02,34667.0,38667.0,13683.0,14683.0,46000.0,47000.0,49333.0,35667.0,120000.0,16500.0,12400.0,17000.0,21833.0,15700.0,29500.0,12750.0
2025-01-03,34667.0,38667.0,13683.0,14683.0,46000.0,47000.0,49333.0,35667.0,120000.0,16500.0,12400.0,17000.0,21833.0,15700.0,29500.0,12750.0
2025-01-06,36667.0,38333.0,13667.0,14683.0,44667.0,51000.0,59333.0,35667.0,120000.0,16667.0,12300.0,18000.0,22833.0,15900.0,28750.0,12750.0
2025-01-07,37333.0,38333.0,13667.0,14683.0,44667.0,56000.0,68000.0,35333.0,120000.0,16667.0,12300.0,18000.0,22833.0,15900.0,27750.0,12750.0
2025-01-08,37333.0,38333.0,13667.0,14683.0,44333.0,55000.0,78000.0,35333.0,120000.0,16667.0,12300.0,18000.0,22833.0,15900.0,27750.0,12750.0
2025-01-09,37333.0,38333.0,13667.0,14683.0,44333.0,55000.0,83000.0,35333.0,120000.0,16667.0,12300.0,18000.0,22833.0,15900.0,27750.0,12750.0
2025-01-10,37333.0,38333.0,13667.0,14683.0,44333.0,55000.0,83000.0,35333.0,120000.0,16667.0,12300.0,18000.0,22833.0,15900.0,27750.0,12750.0
2025-01-13,37333.0,38333.0,13667.0,14683.0,44333.0,55000.0,78667.0,35333.0,120000.0,16667.0,12300.0,18000.0,22833.0,15900.0,27750.0,12750.0
2025-01-14,37333.0,38333.0,13667.0,14683.0,44333.0,53000.0,73333.0,35333.0,120000.0,16667.0,12300.0,18000.0,22833.0,15900.0,26750.0,12750.0
2025-01-15,37333.0,38333.0,13667.0,14683.0,44333.0,53000.0,73333.0,35333.0,120000.0,16667.0,12300.0,18000.0,22833.0,15900.0,26750.0,12750.0
2025-01-16,37333.0,38333.0,13667.0,14683.0,44333.0,53000.0,73333.0,35333.0,120000.0,16667.0,12300.0,18000.0,22833.0,15900.0,26750.0,12750.0
2025-01-17,37333.0,38333.0,13667.0,14683.0,44333.0,53000.0,73333.0,35333.0,120000.0,16667.0,12300.0,18000.0,22833.0,15900.0,26750.0,12750.0
2025-01-20,37333.0,38333.0,13667.0,14683.0,51000.0,56000.0,56000.0,35333.0,120000.0,16667.0,12300.0,18000.0,22833.0,15900.0,25250.0,12750.0
2025-01-21,37333.0,38333.0,13667.0,14683.0,51000.0,56000.0,56000.0,35333.0,120000.0,16667.0,12300.0,18000.0,22833.0,15900.0,24750.0,12750.0
2025-01-22,37333.0,38333.0,13667.0,14683.0,51000.0,56000.0,56000.0,35333.0,120000.0,16667.0,12300.0,18000.0,22833.0,15900.0,24750.0,12750.0
2025-01-23,37333.0,38333.0,13667.0,14683.0,51000.0,56000.0,56000.0,35333.0,120000.0,16667.0,12300.0,18000.0,22833.0,15900.0,24750.0,12750.0
2025-01-24,35000.0,38333.0,13667.0,14683.0,52000.0,54667.0,55333.0,34667.0,120000.0,16667.0,12300.0,18000.0,22833.0,15900.0,24250.0,12750.0
2025-01-27,35000.0,38333.0,13667.0,14683.0,52000.0,54667.0,55333.0,34667.0,120000.0,16667.0,12300.0,18000.0,22833.0,15900.0,24250.0,12750.0
2025-01-28,35000.0,38333.0,13667.0,14683.0,52000.0,54667.0,55333.0,34667.0,120000.0,16667.0,12300.0,18000.0,22833.0,15900.0,24250.0,12750.0
2025-01-29,35000.0,38333.0,13667.0,14683.0,52000.0,54667.0,55333.0,34667.0,120000.0,16667.0,12300.0,18000.0,22833.0,15900.0,24250.0,12750.0
2025-01-30,35000.0,38333.0,13667.0,14683.0,52000.0,54667.0,55333.0,34667.0,120000.0,16667.0,12300.0,18000.0,22833.0,15900.0,24250.0,12750.0
2025-01-31,35000.0,38333.0,13667.0,14683.0,52000.0,54667.0,55333.0,34667.0,120000.0,16667.0,12300.0,18000.0,22833.0,15900.0,24250.0,12750.0
2025-02-03,35000.0,38333.0,13667.0,14683.0,52000.0,54667.0,55333.0,34667.0,120000.0,16667.0,12300.0,18000.0,22833.0,15900.0,24250.0,12750.0
2025-02-04,35000.0,38333.0,13667.0,14683.0,50000.0,50000.0,50000.0,34667.0,120000.0,16667.0,12300.0,18000.0,22833.0,15900.0,25250.0,12750.0
2025-02-05,36000.0,38333.0,13667.0,14683.0,50000.0,49333.0,50000.0,35333.0,120000.0,16667.0,12300.0,18000.0,22833.0,15900.0,25500.0,12750.0
2025-02-06,36000.0,38333.0,13667.0,14683.0,50000.0,49333.0,50000.0,35333.0,120000.0,16667.0,12300.0,18000.0,22833.0,15700.0,25500.0,12750.0
2025-02-07,36000.0,38333.0,13667.0,14683.0,50000.0,49333.0,50000.0,35333.0,120000.0,16667.0,12300.0,18000.0,22833.0,15700.0,25500.0,12750.0
2025-02-10,33667.0,38333.0,13667.0,14683.0,36000.0,36000.0,49000.0,34667.0,120000.0,16667.0,12300.0,18000.0,22833.0,15700.0,26000.0,12750.0
2025-02-11,33667.0,38333.0,13667.0,14683.0,36000.0,36000.0,49000.0,34667.0,120000.0,16667.0,12300.0,18000.0,22833.0,15700.0,26000.0,12750.0
2025-02-12,33667.0,38333.0,13667.0,14683.0,36000.0,36000.0,49000.0,34667.0,120000.0,16667.0,12300.0,18000.0,22833.0,15700.0,26000.0,12750.0
2025-02-13,33667.0,38333.0,13667.0,14683.0,36000.0,36000.0,49000.0,33667.0,120000.0,16667.0,12300.0,18000.0,22833.0,15700.0,25250.0,12750.0
2025-02-14,33667.0,38333.0,13667.0,14683.0,36000.0,36000.0,49000.0,33667.0,120000.0,16667.0,12300.0,18000.0,22833.0,15700.0,25250.0,12750.0
2025-02-17,33667.0,38333.0,13667.0,14683.0,36000.0,36000.0,49000.0,33667.0,120000.0,16667.0,12300.0,18000.0,22833.0,15700.0,25250.0,12750.0
2025-02-18,33667.0,38333.0,13667.0,14683.0,36000.0,36000.0,49000.0,33667.0,120000.0,16667.0,12300.0,18000.0,22833.0,15700.0,25250.0,12750.0
2025-02-19,33667.0,38333.0,13667.0,14683.0,35333.0,36000.0,49000.0,33667.0,120000.0,16667.0,12300.0,18000.0,22833.0,15700.0,25500.0,12750.0
2025-02-20,33667.0,38333.0,13667.0,14683.0,35333.0,36000.0,49000.0,33667.0,120000.0,16667.0,12300.0,18000.0,22833.0,15700.0,27000.0,12750.0
2025-02-21,33667.0,38333.0,13667.0,14683.0,45333.0,46000.0,61333.0,33667.0,120000.0,16667.0,12300.0,18000.0,22833.0,15700.0,28000.0,12750.0
2025-02-24,33667.0,38333.0,13667.0,14683.0,51000.0,52333.0,81000.0,33667.0,120000.0,16667.0,12300.0,18000.0,22833.0,15700.0,28000.0,12750.0
2025-02-25,33667.0,38333.0,13750.0,14783.0,51000.0,52333.0,81000.0,35000.0,120000.0,16667.0,12300.0,18000.0,22833.0,15700.0,28000.0,12750.0
2025-02-26,36000.0,39333.0,13750.0,14783.0,56000.0,57000.0,85667.0,36000.0,120000.0,16667.0,12300.0,18000.0,22833.0,15700.0,28000.0,12750.0
2025-02-27,36000.0,39333.0,13750.0,14783.0,56000.0,57000.0,85667.0,36000.0,120000.0,16667.0,12300.0,18000.0,22833.0,15700.0,28000.0,12750.0
2025-02-28,36000.0,39333.0,13750.0,14883.0,56000.0,57000.0,81333.0,35667.0,120000.0,16667.0,12300.0,18000.0,22833.0,15700.0,28000.0,12750.0
2025-03-03,36333.0,39667.0,13750.0,14883.0,69333.0,70667.0,109333.0,35667.0,120000.0,16833.0,12300.0,18000.0,22833.0,16500.0,27500.0,13000.0
2025-03-04,36333.0,39667.0,13750.0,14883.0,53000.0,53000.0,101667.0,35667.0,120000.0,16833.0,12300.0,18000.0,22833.0,16500.0,27500.0,13000.0
2025-03-05,36333.0,39667.0,13750.0,14883.0,53000.0,53000.0,92667.0,35667.0,120000.0,16833.0,12300.0,18000.0,22833.0,16500.0,27500.0,13000.0
2025-03-06,36333.0,39667.0,13750.0,14883.0,53000.0,53000.0,82667.0,35667.0,120000.0,16833.0,12300.0,18000.0,22833.0,16500.0,27500.0,13000.0
2025-03-07,36333.0,39667.0,13750.0,14883.0,53000.0,53000.0,82667.0,35667.0,120000.0,16833.0,12300.0,18000.0,22833.0,16500.0,27500.0,13000.0
2025-03-10,34333.0,39667.0,13750.0,14883.0,41333.0,35000.0,79333.0,35667.0,120000.0,16833.0,12300.0,18000.0,22833.0,16500.0,27250.0,13000.0
2025-03-11,34333.0,39667.0,13750.0,14883.0,41333.0,35000.0,79333.0,35667.0,120000.0,16833.0,12300.0,18000.0,22833.0,15700.0,27250.0,13000.0
2025-03-12,34333.0,39667.0,13750.0,14883.0,41333.0,35000.0,79333.0,35667.0,120000.0,16833.0,12300.0,18000.0,22833.0,15700.0,27250.0,13000.0
2025-03-13,36000.0,39667.0,13750.0,14883.0,41333.0,35000.0,85667.0,35667.0,120000.0,16833.0,12300.0,18000.0,22833.0,15700.0,27250.0,13000.0
2025-03-14,36000.0,39667.0,13750.0,14883.0,41333.0,35000.0,85667.0,35667.0,120000.0,16833.0,12300.0,18000.0,22833.0,15700.0,27250.0,13000.0
2025-03-17,41000.0,38667.0,13750.0,14883.0,38000.0,36667.0,80667.0,34667.0,120000.0,16833.0,12300.0,18000.0,22833.0,15700.0,25750.0,13000.0
2025-03-18,41000.0,38667.0,13783.0,14950.0,38000.0,36667.0,80667.0,34667.0,120000.0,16833.0,12400.0,18000.0,22833.0,15700.0,25750.0,13000.0
2025-03-19,41000.0,38667.0,13783.0,14950.0,38000.0,36667.0,80667.0,34667.0,120000.0,16833.0,12400.0,18000.0,22833.0,15700.0,25750.0,13000.0
2025-03-20,41000.0,38667.0,13783.0,14950.0,38000.0,36667.0,80667.0,34667.0,120000.0,16833.0,12400.0,18000.0,22833.0,15700.0,25750.0,13000.0
2025-03-21,41000.0,38667.0,13783.0,14950.0,38000.0,36667.0,80667.0,34667.0,120000.0,16833.0,12400.0,18000.0,22833.0,15700.0,25750.0,13000.0
2025-03-24,41000.0,39000.0,13783.0,14950.0,41000.0,51000.0,76000.0,34667.0,120000.0,16833.0,12400.0,18000.0,22833.0,15700.0,25250.0,13000.0
2025-03-25,41000.0,39000.0,13783.0,14950.0,41000.0,51000.0,76000.0,35333.0,120000.0,16833.0,12400.0,18000.0,22833.0,15700.0,25250.0,13000.0
2025-03-26,41000.0,39000.0,13783.0,14950.0,43667.0,51000.0,81000.0,35333.0,120000.0,16833.0,12400.0,18000.0,22833.0,15700.0,25250.0,13000.0
2025-03-27,41000.0,39000.0,13783.0,14950.0,43667.0,51000.0,81000.0,35333.0,120000.0,16833.0,12400.0,18000.0,22833.0,15700.0,25250.0,13000.0
2025-03-28,41000.0,39277.75,13783.0,14950.0,43444.75,50166.666666666664,80638.91666666667,35333.0,120000.0,16833.0,12400.0,18000.0,22833.0,15700.0,25229.166666666668,13000.0
2025-03-31,41000.0,40111.0,13783.0,14950.0,42778.0,47666.666666666664,79555.66666666667,35333.0,120000.0,16833.0,12400.0,18000.0,22833.0,15700.0,25166.666666666668,13000.0
2025-04-01,41000.0,40388.75,13783.0,14950.0,42555.75,46833.333333333336,79194.58333333333,35333.0,120000.0,16833.0,12400.0,18000.0,22833.0,15700.0,25145.833333333332,13000.0
2025-04-02,41000.0,40388.75,13783.0,14950.0,42555.75,46833.333333333336,79194.58333333333,35333.0,120000.0,16833.0,12400.0,18000.0,22833.0,15700.0,25145.833333333332,13000.0
2025-04-03,41000.0,40388.75,13783.0,14950.0,42555.75,46833.333333333336,79194.58333333333,35333.0,120000.0,16833.0,12400.0,18000.0,22833.0,15700.0,25145.833333333332,13000.0
2025-04-04,41000.0,40388.75,13783.0,14950.0,42555.75,46833.333333333336,79194.58333333333,35333.0,120000.0,16833.0,12400.0,18000.0,22833.0,15700.0,25145.833333333332,13000.0
2025-04-07,41000.0,40388.75,13783.0,14950.0,42555.75,46833.333333333336,79194.58333333333,35333.0,120000.0,16833.0,12400.0,18000.0,22833.0,15700.0,25145.833333333332,13000.0
2025-04-08,41000.0,42333.0,13783.0,14950.0,41000.0,41000.0,76667.0,35333.0,120000.0,16833.0,12400.0,18000.0,22833.0,15700.0,25000.0,13000.0
2025-04-09,41000.0,42333.0,13783.0,14950.0,41000.0,41000.0,76667.0,35333.0,120000.0,16833.0,12400.0,18000.0,22833.0,15700.0,23500.0,13000.0
2025-04-10,41000.0,42333.0,13783.0,14950.0,41000.0,41667.0,76667.0,35333.0,120000.0,16833.0,12400.0,18000.0,22833.0,15700.0,23500.0,13000.0
2025-04-11,41000.0,42333.0,13783.0,14950.0,41000.0,41667.0,76667.0,35333.0,120000.0,16833.0,12400.0,18000.0,22833.0,15700.0,23500.0,13000.0
2025-04-14,41000.0,42333.0,13783.0,14950.0,41000.0,41667.0,76667.0,35333.0,120000.0,16833.0,12400.0,18000.0,22833.0,15700.0,23500.0,13000.0
2025-04-15,41000.0,42333.0,13783.0,14950.0,39333.0,40667.0,69333.0,32000.0,120000.0,16833.0,12400.0,18000.0,22833.0,15700.0,23000.0,13000.0
2025-04-16,41000.0,42333.0,13783.0,14950.0,39333.0,40667.0,59333.0,32000.0,120000.0,16833.0,12400.0,18000.0,22833.0,15700.0,23000.0,13000.0
2025-04-17,41000.0,42333.0,13783.0,14950.0,39333.0,40667.0,59333.0,32000.0,120000.0,16833.0,12400.0,18000.0,22833.0,15700.0,23000.0,13000.0
2025-04-18,41000.0,42333.0,13783.0,14950.0,37249.75,43250.25,57499.75,32000.0,120000.0,16833.0,12400.0,18000.0,22833.0,15900.0,23000.0,13000.0
2025-04-21,41000.0,42333.0,13783.0,14950.0,31000.0,51000.0,52000.0,32000.0,120000.0,16833.0,12400.0,18000.0,22833.0,16500.0,23000.0,13000.0
2025-04-22,40667.0,42333.0,13783.0,14950.0,31000.0,51000.0,52000.0,32000.0,120000.0,16833.0,12400.0,18000.0,22833.0,16500.0,23000.0,13000.0
2025-04-23,40667.0,42333.0,13783.0,14950.0,30000.0,49333.0,49333.0,31333.0,120000.0,16833.0,12400.0,18000.0,22833.0,16500.0,24000.0,13000.0
2025-04-24,39000.0,40667.0,13783.0,14950.0,30000.0,48667.0,47000.0,31333.0,120000.0,16833.0,13400.0,18000.0,22833.0,16500.0,24000.0,13000.0
2025-04-25,39000.0,40667.0,13783.0,14950.0,30000.0,48000.0,47000.0,31333.0,120000.0,16833.0,13400.0,18000.0,22833.0,16500.0,24000.0,13000.0
2025-04-28,39000.0,40667.0,13783.0,14950.0,28333.0,43000.0,48333.0,32333.0,120000.0,16833.0,13400.0,18000.0,22833.0,16500.0,24500.0,13000.0
2025-04-29,39000.0,40667.0,13783.0,14950.0,28333.0,43000.0,48333.0,32333.0,120000.0,16833.0,13400.0,18000.0,22833.0,16500.0,24500.0,13000.0
2025-04-30,39000.0,40667.0,13783.0,14950.0,28333.0,43000.0,48333.0,32333.0,120000.0,16833.0,13400.0,18000.0,22833.0,16500.0,24500.0,13000.0
2025-05-01,39000.0,40667.0,13783.0,14950.0,27500.0,40666.5,40500.0,32333.0,120000.0,16833.0,13400.0,18000.0,22833.0,16500.0,25000.0,13000.0
2025-05-02,39000.0,40667.0,13783.0,14950.0,26667.0,38333.0,32667.0,32333.0,120000.0,16833.0,13400.0,18000.0,22833.0,16500.0,25500.0,13000.0
2025-05-05,37667.0,40667.0,13783.0,14950.0,25667.0,37667.0,30667.0,32333.0,122000.0,16833.0,13400.0,18000.0,22833.0,16500.0,25500.0,13000.0
2025-05-06,37667.0,40667.0,13783.0,14950.0,25667.0,37667.0,30667.0,32333.0,122000.0,16833.0,13400.0,18000.0,22833.0,16500.0,25500.0,13000.0
2025-05-07,37000.0,38000.0,13783.0,14950.0,27000.0,27000.0,27000.0,30667.0,122000.0,16833.0,13400.0,18000.0,22500.0,16500.0,24750.0,13000.0
2025-05-08,37000.0,38000.0,13783.0,14950.0,27000.0,27000.0,27000.0,30667.0,122000.0,16833.0,13400.0,18000.0,22500.0,16500.0,24750.0,13000.0
2025-05-09,37000.0,38000.0,13783.0,14950.0,25000.0,27000.0,27000.0,31000.0,122000.0,16000.0,13400.0,18000.0,22500.0,16500.0,25000.0,13000.0
2025-05-12,37000.0,38000.0,13783.0,14950.0,23800.0,27000.0,24000.0,31000.0,122000.0,16000.0,13400.0,18000.0,22500.0,16500.0,24700.0,13000.0
2025-05-13,37000.0,38000.0,13783.0,14950.0,23400.0,27000.0,23000.0,31000.0,122000.0,16000.0,13400.0,18000.0,22500.0,16500.0,24600.0,13000.0
2025-05-14,37000.0,38000.0,13783.0,14950.0,23000.0,27000.0,22000.0,31000.0,122000.0,16000.0,13400.0,18000.0,22500.0,16500.0,24500.0,13000.0
2025-05-15,37000.0,38000.0,13750.0,14950.0,23000.0,27000.0,22000.0,31000.0,122000.0,16000.0,12400.0,18000.0,22500.0,16500.0,24500.0,13000.0
2025-05-16,37000.0,38000.0,13750.0,14950.0,25000.0,27000.0,23000.0,31000.0,122000.0,16000.0,12400.0,18000.0,22500.0,16500.0,24500.0,13000.0
2025-05-19,37000.0,38000.0,13750.0,14950.0,27000.0,33000.0,26000.0,32000.0,122000.0,16000.0,12400.0,18000.0,22500.0,16500.0,24500.0,13000.0
2025-05-20,37000.0,38000.0,13750.0,14950.0,27000.0,33000.0,26000.0,32000.0,122000.0,16000.0,12400.0,18000.0,22500.0,16500.0,24500.0,13000.0
2025-05-21,37000.0,38000.0,13750.0,14950.0,27000.0,33000.0,26000.0,32000.0,122000.0,16000.0,12400.0,18000.0,22500.0,15700.0,24500.0,13000.0
2025-05-22,37000.0,38000.0,13750.0,14950.0,25000.0,31000.0,24000.0,32000.0,122000.0,16000.0,12400.0,18000.0,22500.0,15700.0,24500.0,13000.0
2025-05-23,35000.0,38000.0,13750.0,14950.0,23000.0,31000.0,23000.0,31000.0,122000.0,16000.0,12400.0,18000.0,22500.0,15700.0,24500.0,13000.0
2025-05-26,33000.0,38000.0,13750.0,14950.0,23000.0,31000.0,21000.0,31000.0,122000.0,16000.0,12400.0,18000.0,22500.0,15700.0,24000.0,13000.0
2025-05-27,33000.0,38000.0,13750.0,14950.0,23000.0,31000.0,21000.0,31000.0,122000.0,16000.0,12400.0,18000.0,22500.0,15700.0,24000.0,13000.0
2025-05-28,33000.0,38000.0,13750.0,14950.0,23000.0,31000.0,21000.0,31000.0,122000.0,16000.0,12400.0,18000.0,22500.0,15700.0,24000.0,13000.0
2025-05-29,33200.0,36400.0,13750.0,14950.0,24400.0,30800.0,22800.0,31200.0,122000.0,16100.0,12400.0,18000.0,22500.0,15700.0,24200.0,13000.0
2025-05-30,33400.0,34800.0,13750.0,14950.0,25800.0,30600.0,24600.0,31400.0,122000.0,16200.0,12400.0,18000.0,22500.0,15700.0,24400.0,13000.0
2025-06-02,34000.0,30000.0,13750.0,14950.0,30000.0,30000.0,30000.0,32000.0,122000.0,16500.0,12400.0,18000.0,22500.0,15700.0,25000.0,13000.0
2025-06-03,34000.0,30000.0,13750.0,14950.0,30000.0,30000.0,30000.0,32000.0,122000.0,16500.0,12400.0,18000.0,22500.0,15700.0,25000.0,13000.0
2025-06-04,34000.0,30000.0,13750.0,14950.0,30000.0,30000.0,30000.0,32000.0,122000.0,16500.0,12400.0,18000.0,22500.0,15700.0,25000.0,13000.0
2025-06-05,35000.0,30000.0,13750.0,14950.0,30000.0,34000.0,25000.0,32000.0,122000.0,16500.0,12400.0,18000.0,22500.0,15700.0,25500.0,13000.0
2025-06-06,35600.0,30000.0,13750.0,14950.0,30600.0,35200.0,26000.0,32200.0,122000.0,16500.0,12400.0,18000.0,22500.0,15700.0,25500.0,13000.0
2025-06-09,37400.0,30000.0,13750.0,14950.0,32400.0,38800.0,29000.0,32800.0,122000.0,16500.0,12400.0,18000.0,22500.0,15700.0,25500.0,13000.0
2025-06-10,38000.0,30000.0,13750.0,14950.0,33000.0,40000.0,30000.0,33000.0,122000.0,16500.0,12400.0,18000.0,22500.0,15700.0,25500.0,13000.0
2025-06-11,38000.0,30000.0,13750.0,14950.0,33000.0,40000.0,30000.0,33000.0,122000.0,16500.0,12400.0,18000.0,22500.0,15700.0,25500.0,13000.0
2025-06-12,38000.0,30000.0,13750.0,14950.0,33000.0,40000.0,30000.0,33000.0,122000.0,16500.0,12400.0,18000.0,22500.0,15700.0,25500.0,13000.0
2025-06-13,41000.0,30000.0,13800.0,14950.0,35000.0,35000.0,35000.0,32000.0,122000.0,16500.0,12500.0,17000.0,22000.0,16500.0,26000.0,13000.0
2025-06-16,41000.0,30000.0,13800.0,14950.0,35000.0,35000.0,38000.0,32000.0,122000.0,16500.0,12500.0,17000.0,22000.0,16500.0,26000.0,13000.0
2025-06-17,41000.0,30000.0,13800.0,14950.0,31000.0,31000.0,40000.0,32000.0,122000.0,16500.0,12500.0,17000.0,22000.0,16500.0,25500.0,13000.0
2025-06-18,41000.0,30000.0,13800.0,14950.0,31000.0,31000.0,40000.0,32000.0,122000.0,16500.0,12500.0,17000.0,22000.0,16500.0,25500.0,13000.0
2025-06-19,40000.0,30000.0,13800.0,14950.0,29000.0,29000.0,40000.0,32000.0,122000.0,16500.0,12500.0,17000.0,22000.0,16500.0,25500.0,13000.0
2025-06-20,40000.0,30000.0,13800.0,14950.0,29000.0,29000.0,40000.0,32000.0,122000.0,16500.0,12500.0,17000.0,22000.0,16500.0,25500.0,13000.0
2025-06-23,40000.0,30000.0,13800.0,14950.0,29000.0,29000.0,40000.0,32000.0,122000.0,16500.0,12500.0,17000.0,22000.0,16500.0,25500.0,13000.0
2025-06-24,40000.0,30000.0,13800.0,14950.0,29000.0,29000.0,50000.0,33000.0,122000.0,16500.0,12500.0,17000.0,22000.0,16500.0,26000.0,13000.0
2025-06-25,40000.0,30000.0,13800.0,14950.0,25000.0,25000.0,50000.0,33000.0,122000.0,16500.0,12500.0,17000.0,22000.0,16500.0,26000.0,13000.0
2025-06-26,40000.0,30000.0,13800.0,14950.0,25000.0,25000.0,50000.0,33000.0,122000.0,16500.0,12500.0,17000.0,22000.0,16500.0,26000.0,13000.0
2025-06-27,40000.0,30000.0,13800.0,14950.0,25000.0,27500.0,51250.0,33000.0,122000.0,16500.0,12500.0,17000.0,22000.0,16500.0,26000.0,13000.0
2025-06-30,40000.0,30000.0,13800.0,14950.0,25000.0,35000.0,55000.0,33000.0,122000.0,16500.0,12500.0,17000.0,22000.0,16500.0,26000.0,13000.0
2025-07-01,40000.0,30000.0,13800.0,14950.0,25000.0,35000.0,55000.0,33000.0,122000.0,16500.0,12500.0,17000.0,22000.0,15700.0,26000.0,13000.0
2025-07-02,40000.0,30000.0,13800.0,14950.0,25000.0,35000.0,55000.0,33000.0,122000.0,16500.0,12500.0,17000.0,22000.0,15700.0,26000.0,13000.0
2025-07-03,40000.0,30000.0,13800.0,14950.0,25000.0,34000.0,53000.0,33000.0,122000.0,16500.0,12500.0,17000.0,22000.0,15700.0,26000.0,13000.0
2025-07-04,40000.0,30000.0,13900.0,15000.0,24000.0,32000.0,53000.0,33000.0,122000.0,16500.0,12500.0,17000.0,22000.0,15700.0,27000.0,13000.0
2025-07-07,40000.0,30000.0,13900.0,15000.0,28000.0,36000.0,60000.0,33000.0,122000.0,16500.0,12500.0,17167.0,22000.0,15700.0,28000.0,13000.0
2025-07-08,40000.0,30000.0,13900.0,15000.0,28000.0,36000.0,60000.0,33000.0,122000.0,16500.0,12500.0,17167.0,22000.0,15700.0,28000.0,13000.0
2025-07-09,39000.0,30000.0,13900.0,15000.0,27000.0,35000.0,58000.0,33000.0,122000.0,16500.0,12500.0,17167.0,22000.0,15700.0,27500.0,13000.0
2025-07-10,39000.0,30000.0,13900.0,15000.0,27000.0,35000.0,58000.0,33000.0,122000.0,16500.0,12500.0,17167.0,22000.0,15700.0,27500.0,13000.0
2025-07-11,39000.0,30000.0,13900.0,15000.0,27000.0,30000.0,55000.0,33000.0,122000.0,16500.0,12500.0,17167.0,22000.0,15700.0,28000.0,13000.0
2025-07-14,40000.0,30000.0,13900.0,15000.0,35667.0,35000.0,60000.0,33000.0,122000.0,16500.0,12500.0,17167.0,22000.0,15700.0,27500.0,13000.0
2025-07-15,40000.0,30000.0,13900.0,15000.0,35667.0,35000.0,60000.0,33000.0,122000.0,16000.0,12500.0,17000.0,22000.0,15000.0,27000.0,13000.0
2025-07-16,40000.0,30000.0,13900.0,15000.0,35667.0,35000.0,60000.0,33000.0,122000.0,16000.0,12500.0,17000.0,22000.0,15000.0,27000.0,13000.0
2025-07-17,40000.0,30000.0,13900.0,15000.0,35000.0,30000.0,45000.0,33000.0,122000.0,16000.0,12500.0,17000.0,22000.0,15000.0,27000.0,13000.0
2025-07-18,40000.0,30000.0,13900.0,15000.0,35000.0,30000.0,45000.0,33000.0,122000.0,16000.0,12500.0,17000.0,22000.0,15000.0,27000.0,13000.0
2025-07-21,42000.0,30000.0,13900.0,15000.0,30000.0,30000.0,37000.0,32000.0,122000.0,16000.0,12500.0,17000.0,22000.0,15500.0,27000.0,13000.0
2025-07-22,42000.0,30000.0,13900.0,15000.0,30000.0,30000.0,36000.0,32000.0,122000.0,16000.0,12500.0,17000.0,22000.0,15500.0,27000.0,13000.0
2025-07-23,42000.0,30000.0,13900.0,15000.0,30000.0,30000.0,36000.0,32000.0,122000.0,16000.0,12500.0,17000.0,22000.0,15500.0,27000.0,13000.0
2025-07-24,47000.0,30000.0,13900.0,15000.0,30000.0,30000.0,35000.0,32000.0,122000.0,16000.0,12500.0,17000.0,22000.0,15500.0,27000.0,13000.0
2025-07-25,47000.0,30000.0,13900.0,15000.0,30000.0,30000.0,35000.0,32000.0,122000.0,16000.0,12500.0,17000.0,22000.0,15500.0,27000.0,13000.0
2025-07-28,51000.0,30000.0,13850.0,14950.0,34000.0,30000.0,33000.0,33000.0,122000.0,16000.0,12500.0,17000.0,22000.0,15500.0,27000.0,13000.0
2025-07-29,51000.0,30000.0,13850.0,14950.0,34000.0,30000.0,32000.0,33000.0,122000.0,16000.0,12500.0,17000.0,22000.0,15500.0,27000.0,13000.0
2025-07-30,50000.0,30000.0,13850.0,14950.0,34000.0,30000.0,30000.0,33000.0,122000.0,16000.0,12500.0,17000.0,22000.0,16067.0,26500.0,13000.0
2025-07-31,50000.0,30000.0,13850.0,14950.0,34000.0,30000.0,30000.0,33000.0,122000.0,16000.0,12500.0,17000.0,22000.0,16067.0,26500.0,13000.0
2025-08-01,50000.0,30000.0,13850.0,14950.0,38000.0,35000.0,30000.0,33000.0,122000.0,16000.0,12500.0,17000.0,22000.0,16000.0,27000.0,13000.0
2025-08-04,51000.0,30000.0,13833.0,15100.0,37000.0,35000.0,30000.0,33000.0,122000.0,16500.0,13000.0,17000.0,22000.0,16833.0,27000.0,13000.0
2025-08-05,51000.0,30000.0,13900.0,15100.0,37000.0,35000.0,30000.0,33000.0,122000.0,16500.0,13000.0,17000.0,22000.0,16833.0,27000.0,13000.0
2025-08-06,51000.0,30000.0,13900.0,15100.0,37000.0,35000.0,30000.0,33000.0,122000.0,16500.0,13000.0,17000.0,22000.0,16833.0,27000.0,13000.0
2025-08-07,50000.0,30000.0,14100.0,15300.0,35000.0,40000.0,28000.0,32000.0,122000.0,16500.0,13000.0,17000.0,22000.0,16833.0,26000.0,13000.0
2025-08-08,50000.0,30000.0,14100.0,15300.0,35000.0,40000.0,28000.0,32000.0,122000.0,16500.0,13000.0,17000.0,22000.0,16833.0,26000.0,13000.0
2025-08-11,50000.0,30000.0,14100.0,15300.0,35000.0,30000.0,26000.0,32000.0,122000.0,16500.0,13000.0,17000.0,22000.0,17000.0,26500.0,13000.0
2025-08-12,46000.0,30000.0,14100.0,15300.0,35000.0,30000.0,26000.0,32000.0,122000.0,16500.0,13000.0,17000.0,22000.0,17000.0,26500.0,13000.0
2025-08-13,46000.0,30000.0,14100.0,15300.0,35000.0,30000.0,25000.0,33000.0,122000.0,16500.0,13000.0,17000.0,21000.0,15700.0,26000.0,13000.0
2025-08-14,46000.0,30000.0,14100.0,15300.0,35000.0,30000.0,25000.0,33000.0,122000.0,16500.0,13000.0,17000.0,21000.0,15700.0,26000.0,13000.0
2025-08-15,46000.0,30000.0,14100.0,15300.0,35000.0,30000.0,25000.0,34000.0,122000.0,16500.0,13000.0,17000.0,21000.0,15700.0,26000.0,13000.0
2025-08-18,45250.0,30000.0,14100.0,15300.0,33500.0,30000.0,24250.0,34000.0,122000.0,16500.0,13000.0,17000.0,21000.0,15700.0,26000.0,13000.0
2025-08-19,45000.0,30000.0,14100.0,15300.0,33000.0,30000.0,24000.0,34000.0,122000.0,16500.0,13000.0,17000.0,21000.0,15700.0,26000.0,13000.0
2025-08-20,45000.0,30000.0,14100.0,15300.0,33000.0,30000.0,24000.0,34000.0,122000.0,16500.0,13000.0,17000.0,21000.0,15700.0,26000.0,13000.0
2025-08-21,40000.0,30000.0,14100.0,15300.0,32000.0,30000.0,30000.0,33000.0,122000.0,16500.0,13000.0,17000.0,21000.0,15700.0,25500.0,13000.0
2025-08-22,40000.0,30000.0,14100.0,15300.0,25000.0,25000.0,23000.0,35000.0,122000.0,16500.0,13000.0,17000.0,21000.0,16500.0,24500.0,13000.0
2025-08-25,40000.0,30000.0,14100.0,15300.0,26000.0,27000.0,22000.0,35000.0,122000.0,16500.0,13000.0,17000.0,21000.0,16500.0,25000.0,13000.0
2025-08-26,40000.0,30000.0,14100.0,15300.0,26000.0,27000.0,22000.0,35000.0,122000.0,16500.0,13000.0,17000.0,21000.0,16500.0,25000.0,13000.0
2025-08-27,40000.0,30000.0,14100.0,15300.0,26000.0,27000.0,22000.0,35000.0,122000.0,16500.0,13000.0,17000.0,21000.0,16500.0,25000.0,13000.0
2025-08-28,40000.0,30000.0,14100.0,15300.0,26000.0,27000.0,22000.0,35000.0,122000.0,16500.0,13000.0,17000.0,21000.0,16500.0,25000.0,13000.0
2025-08-29,39000.0,30000.0,14100.0,15300.0,27000.0,30000.0,22000.0,36000.0,122000.0,16500.0,13000.0,17000.0,21000.0,16500.0,25000.0,13000.0
2025-09-01,39000.0,30000.0,14100.0,15300.0,32000.0,30000.0,20000.0,36000.0,122000.0,16500.0,13000.0,17000.0,21000.0,16500.0,25000.0,13000.0
2025-09-02,39000.0,30000.0,14100.0,15300.0,32000.0,30000.0,20000.0,36000.0,122000.0,16500.0,13000.0,17000.0,21000.0,16500.0,25000.0,13000.0
2025-09-03,39000.0,30000.0,14100.0,15300.0,32000.0,30000.0,20000.0,36000.0,122000.0,16000.0,13000.0,17000.0,21000.0,16500.0,25000.0,13000.0
2025-09-04,39000.0,30000.0,14100.0,15300.0,32000.0,39333.0,20000.0,36000.0,122000.0,16000.0,13000.0,17000.0,21000.0,16500.0,25000.0,13000.0
2025-09-05,39000.0,30000.0,14137.5,15350.0,32750.0,39499.75,22500.0,36250.0,122000.0,16000.0,13000.0,17000.0,21000.0,16500.0,25125.0,13000.0
2025-09-08,39000.0,30000.0,14250.0,15500.0,35000.0,40000.0,30000.0,37000.0,122000.0,16000.0,13000.0,17000.0,21000.0,16500.0,25500.0,13000.0
2025-09-09,39000.0,30000.0,14350.0,15500.0,36000.0,40000.0,31000.0,37000.0,122000.0,16000.0,13000.0,17000.0,21000.0,16500.0,26250.0,13000.0
2025-09-10,39000.0,30000.0,14350.0,15500.0,36000.0,40000.0,31000.0,37000.0,122000.0,16000.0,13000.0,17000.0,21000.0,15700.0,26250.0,13000.0
2025-09-11,39000.0,30000.0,14350.0,15500.0,36000.0,40000.0,31000.0,37000.0,122000.0,16000.0,13000.0,17000.0,21000.0,15700.0,26250.0,13000.0
2025-09-12,39000.0,30000.0,14350.0,15500.0,36000.0,40000.0,31000.0,37000.0,122000.0,16000.0,13000.0,17000.0,21000.0,15700.0,26250.0,13000.0
2025-09-15,39000.0,30000.0,14350.0,15500.0,36000.0,40000.0,31000.0,37000.0,122000.0,16000.0,13000.0,17000.0,21000.0,15700.0,26250.0,13000.0
2025-09-16,37000.0,30000.0,14350.0,15500.0,30000.0,45000.0,32000.0,37000.0,122000.0,16000.0,13000.0,17000.0,21000.0,15700.0,26250.0,13000.0
2025-09-17,36000.0,30000.0,14350.0,15500.0,30000.0,45000.0,32000.0,38000.0,122000.0,16000.0,13000.0,17000.0,21000.0,15700.0,27500.0,13000.0
2025-09-18,36000.0,30000.0,14350.0,15500.0,30000.0,45000.0,32000.0,38000.0,122000.0,16000.0,13000.0,17000.0,21000.0,15700.0,27500.0,13000.0
2025-09-19,36000.0,30000.0,14350.0,15500.0,30000.0,45000.0,32000.0,38000.0,122000.0,16000.0,13000.0,17000.0,21000.0,15700.0,27500.0,13000.0
2025-09-22,35000.0,30000.0,14350.0,15500.0,39000.0,55000.0,29000.0,39000.0,122000.0,16000.0,13000.0,17000.0,21000.0,15700.0,27000.0,13000.0
2025-09-23,35000.0,30000.0,14350.0,15500.0,39000.0,55000.0,29000.0,39000.0,122000.0,16000.0,13000.0,17000.0,21000.0,15700.0,27000.0,13000.0
2025-09-24,35000.0,30000.0,14350.0,15500.0,42000.0,55000.0,29000.0,39000.0,122000.0,16000.0,13000.0,17000.0,21000.0,15700.0,27000.0,13000.0
2025-09-25,35000.0,30000.0,14350.0,15500.0,47000.0,55000.0,29000.0,39000.0,122000.0,16000.0,13000.0,17000.0,21000.0,15700.0,27000.0,13000.0
2025-09-26,35000.0,30000.0,14350.0,15500.0,47333.0,55000.0,27000.0,39000.0,122000.0,16000.0,13000.0,17000.0,21000.0,15700.0,27000.0,13000.0
2025-09-29,35000.0,30000.0,14400.0,15550.0,49000.0,45000.0,29000.0,39000.0,122000.0,16000.0,13000.0,17000.0,21000.0,17000.0,27500.0,13000.0
2025-09-30,35000.0,30000.0,14400.0,15550.0,49000.0,45000.0,29000.0,39000.0,122000.0,16000.0,13000.0,17000.0,21000.0,17000.0,27500.0,13000.0
2025-10-01,33000.0,30000.0,14400.0,15550.0,45000.0,45000.0,29000.0,39000.0,122000.0,16000.0,13000.0,17000.0,20667.0,17000.0,27500.0,13000.0
2025-10-02,33000.0,30000.0,14400.0,15550.0,45000.0,45000.0,29000.0,39000.0,122000.0,16000.0,13000.0,17000.0,20667.0,17000.0,27500.0,13000.0
2025-10-03,33000.0,30000.0,14400.0,15550.0,45000.0,45000.0,29000.0,39000.0,122000.0,16000.0,13000.0,17000.0,20667.0,17000.0,27500.0,13000.0
2025-10-06,33000.0,30000.0,14400.0,15550.0,45000.0,45000.0,29000.0,39000.0,122000.0,16000.0,13000.0,17000.0,20667.0,17000.0,27500.0,13000.0
2025-10-07,33000.0,30000.0,14400.0,15550.0,45000.0,45000.0,31000.0,38000.0,122000.0,16000.0,13000.0,17000.0,20667.0,17000.0,28500.0,13000.0
2025-10-08,33000.0,30000.0,14400.0,15600.0,45000.0,45000.0,31000.0,38000.0,122000.0,16000.0,13000.0,17000.0,20667.0,17000.0,28500.0,13000.0
2025-10-09,35000.0,30000.0,14400.0,15600.0,45000.0,50000.0,30000.0,38000.0,122000.0,16000.0,13000.0,17000.0,20667.0,17000.0,28500.0,13000.0
2025-10-10,35000.0,30000.0,14400.0,15600.0,45000.0,50000.0,30000.0,38000.0,122000.0,16000.0,13000.0,17000.0,20667.0,17000.0,28500.0,13000.0
2025-10-13,34000.0,30000.0,14400.0,15600.0,50000.0,50000.0,25000.0,38000.0,122000.0,16000.0,13000.0,17000.0,20667.0,17000.0,28500.0,13000.0
2025-10-14,34000.0,30000.0,14400.0,15600.0,50000.0,50000.0,25000.0,38000.0,122000.0,16000.0,13000.0,17000.0,20667.0,17000.0,29000.0,13000.0
2025-10-15,34000.0,30000.0,14400.0,15600.0,50000.0,50000.0,25000.0,38000.0,122000.0,16000.0,13000.0,17000.0,20667.0,17000.0,29000.0,13000.0
2025-10-16,34000.0,30000.0,14400.0,15600.0,50000.0,48000.0,24000.0,37000.0,122000.0,16000.0,13000.0,17000.0,20667.0,17000.0,29000.0,13000.0
2025-10-17,34000.0,30000.0,14350.0,15600.0,50000.0,48000.0,24000.0,37000.0,122000.0,16000.0,13000.0,17000.0,20667.0,17000.0,29000.0,13000.0
2025-10-20,34000.0,30000.0,14350.0,15600.0,50000.0,48000.0,22000.0,37000.0,122000.0,16000.0,13000.0,17000.0,20667.0,17000.0,29000.0,13000.0
2025-10-21,34000.0,30000.0,14350.0,15600.0,50000.0,46000.0,21000.0,37000.0,122000.0,16000.0,13000.0,17000.0,20667.0,17000.0,29000.0,13000.0
2025-10-22,34000.0,30000.0,14350.0,15600.0,45000.0,46000.0,20000.0,37000.0,122000.0,16000.0,13000.0,17000.0,20667.0,17000.0,29000.0,13000.0
2025-10-23,34000.0,30000.0,14350.0,15600.0,41000.0,46000.0,20000.0,37000.0,122000.0,16000.0,13000.0,17000.0,21000.0,17000.0,29000.0,13000.0
2025-10-24,34000.0,30000.0,14350.0,15600.0,41000.0,46000.0,20000.0,37000.0,122000.0,16000.0,13000.0,17000.0,21000.0,17000.0,29000.0,13000.0
2025-10-27,36000.0,30000.0,14350.0,15600.0,40000.0,40000.0,20000.0,37000.0,122000.0,16000.0,13000.0,17000.0,21000.0,17000.0,29000.0,13000.0
2025-10-28,36000.0,30000.0,14350.0,15450.0,40000.0,40000.0,20000.0,37000.0,122000.0,16000.0,13000.0,17000.0,21000.0,17000.0,27500.0,13000.0
2025-10-29,38000.0,30000.0,14350.0,15400.0,40000.0,40000.0,19000.0,37000.0,122000.0,16000.0,13000.0,17000.0,21000.0,17000.0,27500.0,13000.0
2025-10-30,38000.0,30000.0,14350.0,15400.0,40000.0,40000.0,19000.0,37000.0,122000.0,16000.0,13000.0,17000.0,21000.0,17000.0,27500.0,13000.0
2025-10-31,38000.0,30000.0,14350.0,15400.0,40000.0,40000.0,19000.0,37000.0,122000.0,16000.0,13000.0,17000.0,21000.0,17000.0,27500.0,13000.0
